production_code,production_name,color_code,color_name,material_code,productivity,container_cap,sync,container_type,container_code
1,PART_NAME_1,1,COLOR_NAME_1,MATERIAL_NAME1,6,45,,CAPTYPE_1,1
1,PART_NAME_1,1,COLOR_NAME_1,MATERIAL_NAME1,6,45,,CAPTYPE_1,1
2,PART_NAME_1,2,COLOR_NAME_2,MATERIAL_NAME1,6,45,,CAPTYPE_1,1
2,PART_NAME_1,2,COLOR_NAME_2,MATERIAL_NAME1,6,45,,CAPTYPE_1,1
3,PART_NAME_1,3,COLOR_NAME_3,MATERIAL_NAME1,6,45,,CAPTYPE_1,1
3,PART_NAME_1,3,COLOR_NAME_3,MATERIAL_NAME1,6,45,,CAPTYPE_1,1
4,PART_NAME_1,4,COLOR_NAME_4,MATERIAL_NAME1,6,45,,CAPTYPE_1,1
4,PART_NAME_1,4,COLOR_NAME_4,MATERIAL_NAME1,6,45,,CAPTYPE_1,1
5,PART_NAME_1,5,COLOR_NAME_5,MATERIAL_NAME1,6,45,,CAPTYPE_1,1
5,PART_NAME_1,5,COLOR_NAME_5,MATERIAL_NAME1,6,45,,CAPTYPE_1,1
6,PART_NAME_1,6,COLOR_NAME_6,MATERIAL_NAME1,6,45,,CAPTYPE_1,1
6,PART_NAME_1,6,COLOR_NAME_6,MATERIAL_NAME1,6,45,,CAPTYPE_1,1
7,PART_NAME_1,7,COLOR_NAME_7,MATERIAL_NAME1,6,45,,CAPTYPE_1,1
7,PART_NAME_1,7,COLOR_NAME_7,MATERIAL_NAME1,6,45,,CAPTYPE_1,1
8,PART_NAME_1,8,COLOR_NAME_8,MATERIAL_NAME1,6,45,,CAPTYPE_1,1
8,PART_NAME_1,8,COLOR_NAME_8,MATERIAL_NAME1,6,45,,CAPTYPE_1,1
9,PART_NAME_1,2,COLOR_NAME_2,MATERIAL_NAME2,6,45,,CAPTYPE_1,1
9,PART_NAME_1,2,COLOR_NAME_2,MATERIAL_NAME2,6,45,,CAPTYPE_1,1
10,PART_NAME_1,5,COLOR_NAME_5,MATERIAL_NAME2,6,45,,CAPTYPE_1,1
10,PART_NAME_1,5,COLOR_NAME_5,MATERIAL_NAME2,6,45,,CAPTYPE_1,1
11,PART_NAME_1,1,COLOR_NAME_1,MATERIAL_NAME2,6,45,,CAPTYPE_1,1
11,PART_NAME_1,1,COLOR_NAME_1,MATERIAL_NAME2,6,45,,CAPTYPE_1,1
12,PART_NAME_1,3,COLOR_NAME_3,MATERIAL_NAME2,6,45,,CAPTYPE_1,1
12,PART_NAME_1,3,COLOR_NAME_3,MATERIAL_NAME2,6,45,,CAPTYPE_1,1
13,PART_NAME_1,6,COLOR_NAME_6,MATERIAL_NAME2,6,45,,CAPTYPE_1,1
13,PART_NAME_1,6,COLOR_NAME_6,MATERIAL_NAME2,6,45,,CAPTYPE_1,1
14,PART_NAME_1,8,COLOR_NAME_8,MATERIAL_NAME2,6,45,,CAPTYPE_1,1
14,PART_NAME_1,8,COLOR_NAME_8,MATERIAL_NAME2,6,45,,CAPTYPE_1,1
15,PART_NAME_1,9,COLOR_NAME_9,MATERIAL_NAME2,6,45,,CAPTYPE_1,1
15,PART_NAME_1,9,COLOR_NAME_9,MATERIAL_NAME2,6,45,,CAPTYPE_1,1
16,PART_NAME_1,9,COLOR_NAME_9,MATERIAL_NAME1,6,45,,CAPTYPE_1,1
16,PART_NAME_1,9,COLOR_NAME_9,MATERIAL_NAME1,6,45,,CAPTYPE_1,1
17,PART_NAME_1,10,COLOR_NAME_10,MATERIAL_NAME1,6,45,,CAPTYPE_1,1
17,PART_NAME_1,10,COLOR_NAME_10,MATERIAL_NAME1,6,45,,CAPTYPE_1,1
18,PART_NAME_1,11,COLOR_NAME_11,MATERIAL_NAME3,6,45,,CAPTYPE_1,1
18,PART_NAME_1,11,COLOR_NAME_11,MATERIAL_NAME3,6,45,,CAPTYPE_1,1
19,PART_NAME_1,12,COLOR_NAME_12,MATERIAL_NAME4,6,45,,CAPTYPE_1,1
19,PART_NAME_1,12,COLOR_NAME_12,MATERIAL_NAME4,6,45,,CAPTYPE_1,1
20,PART_NAME_2,3,COLOR_NAME_3,MATERIAL_NAME5,6,45,,CAPTYPE_1,2
20,PART_NAME_2,3,COLOR_NAME_3,MATERIAL_NAME5,6,45,,CAPTYPE_1,2
21,PART_NAME_2,13,COLOR_NAME_13,MATERIAL_NAME5,6,45,,CAPTYPE_1,2
21,PART_NAME_2,13,COLOR_NAME_13,MATERIAL_NAME5,6,45,,CAPTYPE_1,2
22,PART_NAME_3,5,COLOR_NAME_5,MATERIAL_NAME6,6,25,,CAPTYPE_1,2
22,PART_NAME_3,5,COLOR_NAME_5,MATERIAL_NAME6,6,25,,CAPTYPE_1,2
23,PART_NAME_3,13,COLOR_NAME_13,MATERIAL_NAME6,6,25,,CAPTYPE_1,2
23,PART_NAME_3,13,COLOR_NAME_13,MATERIAL_NAME6,6,25,,CAPTYPE_1,2
24,PART_NAME_3,2,COLOR_NAME_2,MATERIAL_NAME6,6,25,,CAPTYPE_1,2
24,PART_NAME_3,2,COLOR_NAME_2,MATERIAL_NAME6,6,25,,CAPTYPE_1,2
25,PART_NAME_3,3,COLOR_NAME_3,MATERIAL_NAME6,6,25,,CAPTYPE_1,2
25,PART_NAME_3,3,COLOR_NAME_3,MATERIAL_NAME6,6,25,,CAPTYPE_1,2
26,PART_NAME_3,6,COLOR_NAME_6,MATERIAL_NAME6,6,25,,CAPTYPE_1,2
26,PART_NAME_3,6,COLOR_NAME_6,MATERIAL_NAME6,6,25,,CAPTYPE_1,2
27,PART_NAME_3,7,COLOR_NAME_7,MATERIAL_NAME6,6,25,,CAPTYPE_1,2
27,PART_NAME_3,7,COLOR_NAME_7,MATERIAL_NAME6,6,25,,CAPTYPE_1,2
28,PART_NAME_3,8,COLOR_NAME_8,MATERIAL_NAME6,6,25,,CAPTYPE_1,2
28,PART_NAME_3,8,COLOR_NAME_8,MATERIAL_NAME6,6,25,,CAPTYPE_1,2
29,PART_NAME_4,14,COLOR_NAME_14,MATERIAL_NAME5,6,25,,CAPTYPE_1,2
29,PART_NAME_4,14,COLOR_NAME_14,MATERIAL_NAME5,6,25,,CAPTYPE_1,2
30,PART_NAME_5,2,COLOR_NAME_2,MATERIAL_NAME5,6,25,,CAPTYPE_1,2
30,PART_NAME_5,2,COLOR_NAME_2,MATERIAL_NAME5,6,25,,CAPTYPE_1,2
31,PART_NAME_5,5,COLOR_NAME_5,MATERIAL_NAME5,6,25,,CAPTYPE_1,2
31,PART_NAME_5,5,COLOR_NAME_5,MATERIAL_NAME5,6,25,,CAPTYPE_1,2
32,PART_NAME_2,8,COLOR_NAME_8,MATERIAL_NAME5,6,25,,CAPTYPE_1,2
32,PART_NAME_2,8,COLOR_NAME_8,MATERIAL_NAME5,6,25,,CAPTYPE_1,2
33,PART_NAME_2,4,COLOR_NAME_4,MATERIAL_NAME5,6,25,,CAPTYPE_1,2
33,PART_NAME_2,4,COLOR_NAME_4,MATERIAL_NAME5,6,25,,CAPTYPE_1,2
34,PART_NAME_2,6,COLOR_NAME_6,MATERIAL_NAME5,6,25,,CAPTYPE_1,2
34,PART_NAME_2,6,COLOR_NAME_6,MATERIAL_NAME5,6,25,,CAPTYPE_1,2
35,PART_NAME_2,7,COLOR_NAME_7,MATERIAL_NAME5,6,25,,CAPTYPE_1,2
35,PART_NAME_2,7,COLOR_NAME_7,MATERIAL_NAME5,6,25,,CAPTYPE_1,2
36,PART_NAME_2,1,COLOR_NAME_1,MATERIAL_NAME5,6,25,,CAPTYPE_1,2
36,PART_NAME_2,1,COLOR_NAME_1,MATERIAL_NAME5,6,25,,CAPTYPE_1,2
37,PART_NAME_2,9,COLOR_NAME_9,MATERIAL_NAME5,6,25,,CAPTYPE_1,2
37,PART_NAME_2,9,COLOR_NAME_9,MATERIAL_NAME5,6,25,,CAPTYPE_1,2
38,PART_NAME_6,15,COLOR_NAME_15,MATERIAL_NAME7,16,11,,CAPTYPE_1,2
39,PART_NAME_7,15,COLOR_NAME_15,MATERIAL_NAME8,16,11,,CAPTYPE_1,2
40,PART_NAME_3,4,COLOR_NAME_4,MATERIAL_NAME6,6,25,,CAPTYPE_1,2
40,PART_NAME_3,4,COLOR_NAME_4,MATERIAL_NAME6,6,25,,CAPTYPE_1,2
41,PART_NAME_3,1,COLOR_NAME_1,MATERIAL_NAME6,6,25,,CAPTYPE_1,2
41,PART_NAME_3,1,COLOR_NAME_1,MATERIAL_NAME6,6,25,,CAPTYPE_1,2
42,PART_NAME_3,9,COLOR_NAME_9,MATERIAL_NAME6,6,25,,CAPTYPE_1,2
42,PART_NAME_3,9,COLOR_NAME_9,MATERIAL_NAME6,6,25,,CAPTYPE_1,2
43,PART_NAME_2,16,COLOR_NAME_16,MATERIAL_NAME5,6,25,,CAPTYPE_1,2
43,PART_NAME_2,16,COLOR_NAME_16,MATERIAL_NAME5,6,25,,CAPTYPE_1,2
44,PART_NAME_2,17,COLOR_NAME_17,MATERIAL_NAME5,6,25,,CAPTYPE_1,2
44,PART_NAME_2,17,COLOR_NAME_17,MATERIAL_NAME5,6,25,,CAPTYPE_1,2
45,PART_NAME_2,18,COLOR_NAME_18,MATERIAL_NAME9,6,25,,CAPTYPE_1,2
45,PART_NAME_2,18,COLOR_NAME_18,MATERIAL_NAME9,6,25,,CAPTYPE_1,2
46,PART_NAME_8,9,COLOR_NAME_9,MATERIAL_NAME10,12,10,,CAPTYPE_1,3
47,PART_NAME_8,19,COLOR_NAME_19,MATERIAL_NAME10,12,10,,CAPTYPE_1,3
48,PART_NAME_8,12,COLOR_NAME_12,MATERIAL_NAME10,12,10,,CAPTYPE_1,3
49,PART_NAME_8,20,COLOR_NAME_20,MATERIAL_NAME10,12,10,,CAPTYPE_1,3
46,PART_NAME_8,9,COLOR_NAME_9,MATERIAL_NAME10,12,10,,CAPTYPE_1,3
47,PART_NAME_8,19,COLOR_NAME_19,MATERIAL_NAME10,12,10,,CAPTYPE_1,3
48,PART_NAME_8,12,COLOR_NAME_12,MATERIAL_NAME10,12,10,,CAPTYPE_1,3
49,PART_NAME_8,20,COLOR_NAME_20,MATERIAL_NAME10,12,10,,CAPTYPE_1,3
50,PART_NAME_8,8,COLOR_NAME_8,MATERIAL_NAME10,12,10,,CAPTYPE_1,3
50,PART_NAME_8,8,COLOR_NAME_8,MATERIAL_NAME10,12,10,,CAPTYPE_1,3
51,PART_NAME_8,21,COLOR_NAME_21,MATERIAL_NAME10,12,10,,CAPTYPE_1,3
51,PART_NAME_8,21,COLOR_NAME_21,MATERIAL_NAME10,12,10,,CAPTYPE_1,3
52,PART_NAME_9,9,COLOR_NAME_9,MATERIAL_NAME11,4,32,,CAPTYPE_1,4
53,PART_NAME_9,19,COLOR_NAME_19,MATERIAL_NAME11,4,32,,CAPTYPE_1,4
54,PART_NAME_9,12,COLOR_NAME_12,MATERIAL_NAME11,4,32,,CAPTYPE_1,4
55,PART_NAME_9,20,COLOR_NAME_20,MATERIAL_NAME11,4,32,,CAPTYPE_1,4
52,PART_NAME_9,9,COLOR_NAME_9,MATERIAL_NAME11,4,32,,CAPTYPE_1,4
53,PART_NAME_9,19,COLOR_NAME_19,MATERIAL_NAME11,4,32,,CAPTYPE_1,4
54,PART_NAME_9,12,COLOR_NAME_12,MATERIAL_NAME11,4,32,,CAPTYPE_1,4
55,PART_NAME_9,20,COLOR_NAME_20,MATERIAL_NAME11,4,32,,CAPTYPE_1,4
56,PART_NAME_9,8,COLOR_NAME_8,MATERIAL_NAME11,4,32,,CAPTYPE_1,4
56,PART_NAME_9,8,COLOR_NAME_8,MATERIAL_NAME11,4,32,,CAPTYPE_1,4
57,PART_NAME_9,21,COLOR_NAME_21,MATERIAL_NAME11,4,32,,CAPTYPE_1,4
57,PART_NAME_9,21,COLOR_NAME_21,MATERIAL_NAME11,4,32,,CAPTYPE_1,4
58,PART_NAME_10,22,COLOR_NAME_22,MATERIAL_NAME10,12,10,,CAPTYPE_1,5
58,PART_NAME_10,22,COLOR_NAME_22,MATERIAL_NAME10,12,10,,CAPTYPE_1,5
59,PART_NAME_11,22,COLOR_NAME_22,MATERIAL_NAME11,4,32,,CAPTYPE_1,6
59,PART_NAME_11,22,COLOR_NAME_22,MATERIAL_NAME11,4,32,,CAPTYPE_1,6
60,PART_NAME_5,8,COLOR_NAME_8,MATERIAL_NAME12,6,14,,CAPTYPE_1,7
60,PART_NAME_5,8,COLOR_NAME_8,MATERIAL_NAME12,6,14,,CAPTYPE_1,7
61,PART_NAME_5,23,COLOR_NAME_23,MATERIAL_NAME12,6,14,,CAPTYPE_1,7
61,PART_NAME_5,23,COLOR_NAME_23,MATERIAL_NAME12,6,14,,CAPTYPE_1,7
62,PART_NAME_5,24,COLOR_NAME_24,MATERIAL_NAME12,6,14,,CAPTYPE_1,7
62,PART_NAME_5,24,COLOR_NAME_24,MATERIAL_NAME12,6,14,,CAPTYPE_1,7
63,PART_NAME_5,4,COLOR_NAME_4,MATERIAL_NAME12,6,14,,CAPTYPE_1,7
63,PART_NAME_5,4,COLOR_NAME_4,MATERIAL_NAME12,6,14,,CAPTYPE_1,7
64,PART_NAME_5,25,COLOR_NAME_25,MATERIAL_NAME12,6,14,,CAPTYPE_1,7
64,PART_NAME_5,25,COLOR_NAME_25,MATERIAL_NAME12,6,14,,CAPTYPE_1,7
65,PART_NAME_5,19,COLOR_NAME_19,MATERIAL_NAME12,6,14,,CAPTYPE_1,7
65,PART_NAME_5,19,COLOR_NAME_19,MATERIAL_NAME12,6,14,,CAPTYPE_1,7
66,PART_NAME_5,7,COLOR_NAME_7,MATERIAL_NAME12,6,14,,CAPTYPE_1,7
66,PART_NAME_5,7,COLOR_NAME_7,MATERIAL_NAME12,6,14,,CAPTYPE_1,7
67,PART_NAME_5,3,COLOR_NAME_3,MATERIAL_NAME12,6,14,,CAPTYPE_1,7
67,PART_NAME_5,3,COLOR_NAME_3,MATERIAL_NAME12,6,14,,CAPTYPE_1,7
68,PART_NAME_5,9,COLOR_NAME_9,MATERIAL_NAME12,6,14,,CAPTYPE_1,7
68,PART_NAME_5,9,COLOR_NAME_9,MATERIAL_NAME12,6,14,,CAPTYPE_1,7
69,PART_NAME_5,4,COLOR_NAME_4,MATERIAL_NAME13,8,15,,CAPTYPE_1,8
69,PART_NAME_5,4,COLOR_NAME_4,MATERIAL_NAME13,8,15,,CAPTYPE_1,8
70,PART_NAME_5,26,COLOR_NAME_26,MATERIAL_NAME13,8,15,,CAPTYPE_1,8
70,PART_NAME_5,26,COLOR_NAME_26,MATERIAL_NAME13,8,15,,CAPTYPE_1,8
71,PART_NAME_5,3,COLOR_NAME_3,MATERIAL_NAME13,8,15,,CAPTYPE_1,8
71,PART_NAME_5,3,COLOR_NAME_3,MATERIAL_NAME13,8,15,,CAPTYPE_1,8
72,PART_NAME_5,27,COLOR_NAME_27,MATERIAL_NAME13,8,15,,CAPTYPE_1,8
72,PART_NAME_5,27,COLOR_NAME_27,MATERIAL_NAME13,8,15,,CAPTYPE_1,8
73,PART_NAME_5,7,COLOR_NAME_7,MATERIAL_NAME13,8,15,,CAPTYPE_1,8
73,PART_NAME_5,7,COLOR_NAME_7,MATERIAL_NAME13,8,15,,CAPTYPE_1,8
74,PART_NAME_5,1,COLOR_NAME_1,MATERIAL_NAME13,8,15,,CAPTYPE_1,8
74,PART_NAME_5,1,COLOR_NAME_1,MATERIAL_NAME13,8,15,,CAPTYPE_1,8
75,PART_NAME_5,24,COLOR_NAME_24,MATERIAL_NAME13,8,15,,CAPTYPE_1,8
75,PART_NAME_5,24,COLOR_NAME_24,MATERIAL_NAME13,8,15,,CAPTYPE_1,8
76,PART_NAME_5,8,COLOR_NAME_8,MATERIAL_NAME13,8,15,,CAPTYPE_1,8
76,PART_NAME_5,8,COLOR_NAME_8,MATERIAL_NAME13,8,15,,CAPTYPE_1,8
77,PART_NAME_4,14,COLOR_NAME_14,MATERIAL_NAME13,8,15,,CAPTYPE_1,8
77,PART_NAME_4,14,COLOR_NAME_14,MATERIAL_NAME13,8,15,,CAPTYPE_1,8
78,PART_NAME_5,6,COLOR_NAME_6,MATERIAL_NAME13,8,15,,CAPTYPE_1,8
78,PART_NAME_5,6,COLOR_NAME_6,MATERIAL_NAME13,8,15,,CAPTYPE_1,8
79,PART_NAME_5,9,COLOR_NAME_9,MATERIAL_NAME13,8,15,,CAPTYPE_1,8
79,PART_NAME_5,9,COLOR_NAME_9,MATERIAL_NAME13,8,15,,CAPTYPE_1,8
80,PART_NAME_12,28,COLOR_NAME_28,MATERIAL_NAME14,24,6,,CAPTYPE_1,9
81,PART_NAME_12,29,COLOR_NAME_29,MATERIAL_NAME14,24,6,,CAPTYPE_1,9
82,PART_NAME_12,30,COLOR_NAME_30,MATERIAL_NAME14,24,6,,CAPTYPE_1,9
83,PART_NAME_13,28,COLOR_NAME_28,MATERIAL_NAME15,48,3,,CAPTYPE_1,10
84,PART_NAME_13,29,COLOR_NAME_29,MATERIAL_NAME15,48,3,,CAPTYPE_1,10
85,PART_NAME_13,30,COLOR_NAME_30,MATERIAL_NAME15,48,3,,CAPTYPE_1,10
86,PART_NAME_14,31,COLOR_NAME_31,MATERIAL_NAME16,30,5,,CAPTYPE_1,10
87,PART_NAME_15,31,COLOR_NAME_31,MATERIAL_NAME17,30,5,,CAPTYPE_1,10
88,PART_NAME_16,28,COLOR_NAME_28,MATERIAL_NAME18,24,6,,CAPTYPE_1,11
89,PART_NAME_16,29,COLOR_NAME_29,MATERIAL_NAME18,24,6,,CAPTYPE_1,11
90,PART_NAME_16,30,COLOR_NAME_30,MATERIAL_NAME18,24,6,,CAPTYPE_1,11
91,PART_NAME_5,32,COLOR_NAME_32,MATERIAL_NAME19,6,28,,CAPTYPE_1,12
91,PART_NAME_5,32,COLOR_NAME_32,MATERIAL_NAME19,6,28,,CAPTYPE_1,12
92,PART_NAME_5,3,COLOR_NAME_3,MATERIAL_NAME19,6,28,,CAPTYPE_1,12
92,PART_NAME_5,3,COLOR_NAME_3,MATERIAL_NAME19,6,28,,CAPTYPE_1,12
93,PART_NAME_5,8,COLOR_NAME_8,MATERIAL_NAME19,6,28,,CAPTYPE_1,12
93,PART_NAME_5,8,COLOR_NAME_8,MATERIAL_NAME19,6,28,,CAPTYPE_1,12
94,PART_NAME_5,33,COLOR_NAME_33,MATERIAL_NAME19,6,28,,CAPTYPE_1,12
94,PART_NAME_5,33,COLOR_NAME_33,MATERIAL_NAME19,6,28,,CAPTYPE_1,12
95,PART_NAME_5,34,COLOR_NAME_34,MATERIAL_NAME19,6,28,,CAPTYPE_1,12
95,PART_NAME_5,34,COLOR_NAME_34,MATERIAL_NAME19,6,28,,CAPTYPE_1,12
96,PART_NAME_5,35,COLOR_NAME_35,MATERIAL_NAME19,6,28,,CAPTYPE_1,12
96,PART_NAME_5,35,COLOR_NAME_35,MATERIAL_NAME19,6,28,,CAPTYPE_1,12
97,PART_NAME_5,24,COLOR_NAME_24,MATERIAL_NAME19,6,28,,CAPTYPE_1,12
97,PART_NAME_5,24,COLOR_NAME_24,MATERIAL_NAME19,6,28,,CAPTYPE_1,12
98,PART_NAME_5,9,COLOR_NAME_9,MATERIAL_NAME19,6,28,,CAPTYPE_1,12
98,PART_NAME_5,9,COLOR_NAME_9,MATERIAL_NAME19,6,28,,CAPTYPE_1,12
99,PART_NAME_4,14,COLOR_NAME_14,MATERIAL_NAME19,6,28,,CAPTYPE_1,12
99,PART_NAME_4,14,COLOR_NAME_14,MATERIAL_NAME19,6,28,,CAPTYPE_1,12
100,PART_NAME_5,7,COLOR_NAME_7,MATERIAL_NAME20,6,28,,CAPTYPE_1,12
100,PART_NAME_5,7,COLOR_NAME_7,MATERIAL_NAME20,6,28,,CAPTYPE_1,12
101,PART_NAME_5,3,COLOR_NAME_3,MATERIAL_NAME21,8,11,,CAPTYPE_1,13
101,PART_NAME_5,3,COLOR_NAME_3,MATERIAL_NAME21,8,11,,CAPTYPE_1,13
102,PART_NAME_17,29,COLOR_NAME_29,MATERIAL_NAME22,20,8,,CAPTYPE_1,14
103,PART_NAME_18,29,COLOR_NAME_29,MATERIAL_NAME23,20,8,,CAPTYPE_1,14
104,PART_NAME_19,29,COLOR_NAME_29,MATERIAL_NAME24,20,8,,CAPTYPE_1,15
105,PART_NAME_20,29,COLOR_NAME_29,MATERIAL_NAME25,20,8,,CAPTYPE_1,15
106,PART_NAME_21,14,COLOR_NAME_14,MATERIAL_NAME26,10,14,,CAPTYPE_1,16
106,PART_NAME_21,14,COLOR_NAME_14,MATERIAL_NAME26,10,14,,CAPTYPE_1,16
107,PART_NAME_22,2,COLOR_NAME_2,MATERIAL_NAME26,10,14,,CAPTYPE_1,16
107,PART_NAME_22,2,COLOR_NAME_2,MATERIAL_NAME26,10,14,,CAPTYPE_1,16
108,PART_NAME_22,5,COLOR_NAME_5,MATERIAL_NAME26,10,14,,CAPTYPE_1,16
108,PART_NAME_22,5,COLOR_NAME_5,MATERIAL_NAME26,10,14,,CAPTYPE_1,16
109,PART_NAME_22,13,COLOR_NAME_13,MATERIAL_NAME26,10,14,,CAPTYPE_1,16
109,PART_NAME_22,13,COLOR_NAME_13,MATERIAL_NAME26,10,14,,CAPTYPE_1,16
110,PART_NAME_22,3,COLOR_NAME_3,MATERIAL_NAME26,10,14,,CAPTYPE_1,16
110,PART_NAME_22,3,COLOR_NAME_3,MATERIAL_NAME26,10,14,,CAPTYPE_1,16
111,PART_NAME_22,16,COLOR_NAME_16,MATERIAL_NAME26,10,14,,CAPTYPE_1,16
111,PART_NAME_22,16,COLOR_NAME_16,MATERIAL_NAME26,10,14,,CAPTYPE_1,16
112,PART_NAME_22,17,COLOR_NAME_17,MATERIAL_NAME26,10,14,,CAPTYPE_1,16
112,PART_NAME_22,17,COLOR_NAME_17,MATERIAL_NAME26,10,14,,CAPTYPE_1,16
113,PART_NAME_22,1,COLOR_NAME_1,MATERIAL_NAME26,10,14,,CAPTYPE_1,16
113,PART_NAME_22,1,COLOR_NAME_1,MATERIAL_NAME26,10,14,,CAPTYPE_1,16
114,PART_NAME_22,8,COLOR_NAME_8,MATERIAL_NAME26,10,14,,CAPTYPE_1,16
114,PART_NAME_22,8,COLOR_NAME_8,MATERIAL_NAME26,10,14,,CAPTYPE_1,16
115,PART_NAME_22,9,COLOR_NAME_9,MATERIAL_NAME26,10,14,,CAPTYPE_1,16
115,PART_NAME_22,9,COLOR_NAME_9,MATERIAL_NAME26,10,14,,CAPTYPE_1,16
116,PART_NAME_23,36,COLOR_NAME_36,MATERIAL_NAME27,10,14,,CAPTYPE_1,16
116,PART_NAME_23,36,COLOR_NAME_36,MATERIAL_NAME27,10,14,,CAPTYPE_1,16
117,PART_NAME_24,16,COLOR_NAME_16,MATERIAL_NAME28,12,5,,CAPTYPE_1,17
117,PART_NAME_24,16,COLOR_NAME_16,MATERIAL_NAME28,12,5,,CAPTYPE_1,17
118,PART_NAME_24,13,COLOR_NAME_13,MATERIAL_NAME28,12,5,,CAPTYPE_1,17
118,PART_NAME_24,13,COLOR_NAME_13,MATERIAL_NAME28,12,5,,CAPTYPE_1,17
119,PART_NAME_24,8,COLOR_NAME_8,MATERIAL_NAME28,12,5,,CAPTYPE_1,17
119,PART_NAME_24,8,COLOR_NAME_8,MATERIAL_NAME28,12,5,,CAPTYPE_1,17
120,PART_NAME_24,9,COLOR_NAME_9,MATERIAL_NAME28,12,5,,CAPTYPE_1,17
120,PART_NAME_24,9,COLOR_NAME_9,MATERIAL_NAME28,12,5,,CAPTYPE_1,17
119,PART_NAME_25,8,COLOR_NAME_8,MATERIAL_NAME29,12,5,,CAPTYPE_1,17
119,PART_NAME_25,8,COLOR_NAME_8,MATERIAL_NAME29,12,5,,CAPTYPE_1,17
117,PART_NAME_25,16,COLOR_NAME_16,MATERIAL_NAME29,12,5,,CAPTYPE_1,17
117,PART_NAME_25,16,COLOR_NAME_16,MATERIAL_NAME29,12,5,,CAPTYPE_1,17
118,PART_NAME_25,13,COLOR_NAME_13,MATERIAL_NAME29,12,5,,CAPTYPE_1,17
118,PART_NAME_25,13,COLOR_NAME_13,MATERIAL_NAME29,12,5,,CAPTYPE_1,17
120,PART_NAME_25,9,COLOR_NAME_9,MATERIAL_NAME29,12,5,,CAPTYPE_1,17
120,PART_NAME_25,9,COLOR_NAME_9,MATERIAL_NAME29,12,5,,CAPTYPE_1,17
121,PART_NAME_26,14,COLOR_NAME_14,MATERIAL_NAME30,6,6,,CAPTYPE_1,18
121,PART_NAME_26,14,COLOR_NAME_14,MATERIAL_NAME30,6,6,,CAPTYPE_1,18
122,PART_NAME_27,13,COLOR_NAME_13,MATERIAL_NAME30,6,6,,CAPTYPE_1,18
122,PART_NAME_27,13,COLOR_NAME_13,MATERIAL_NAME30,6,6,,CAPTYPE_1,18
123,PART_NAME_27,16,COLOR_NAME_16,MATERIAL_NAME30,6,6,,CAPTYPE_1,18
123,PART_NAME_27,16,COLOR_NAME_16,MATERIAL_NAME30,6,6,,CAPTYPE_1,18
124,PART_NAME_27,8,COLOR_NAME_8,MATERIAL_NAME30,6,6,,CAPTYPE_1,18
124,PART_NAME_27,8,COLOR_NAME_8,MATERIAL_NAME30,6,6,,CAPTYPE_1,18
125,PART_NAME_27,9,COLOR_NAME_9,MATERIAL_NAME30,6,6,,CAPTYPE_1,18
125,PART_NAME_27,9,COLOR_NAME_9,MATERIAL_NAME30,6,6,,CAPTYPE_1,18
126,PART_NAME_28,16,COLOR_NAME_16,MATERIAL_NAME31,10,5,,CAPTYPE_1,19
126,PART_NAME_28,16,COLOR_NAME_16,MATERIAL_NAME31,10,5,,CAPTYPE_1,19
127,PART_NAME_28,13,COLOR_NAME_13,MATERIAL_NAME31,10,5,,CAPTYPE_1,19
127,PART_NAME_28,13,COLOR_NAME_13,MATERIAL_NAME31,10,5,,CAPTYPE_1,19
128,PART_NAME_28,8,COLOR_NAME_8,MATERIAL_NAME31,10,5,,CAPTYPE_1,19
128,PART_NAME_28,8,COLOR_NAME_8,MATERIAL_NAME31,10,5,,CAPTYPE_1,19
129,PART_NAME_28,9,COLOR_NAME_9,MATERIAL_NAME31,10,5,,CAPTYPE_1,19
129,PART_NAME_28,9,COLOR_NAME_9,MATERIAL_NAME31,10,5,,CAPTYPE_1,19
130,PART_NAME_29,13,COLOR_NAME_13,MATERIAL_NAME32,24,2,30.0,CAPTYPE_1,20
131,PART_NAME_29,32,COLOR_NAME_32,MATERIAL_NAME32,24,2,32.0,CAPTYPE_1,20
132,PART_NAME_29,8,COLOR_NAME_8,MATERIAL_NAME33,24,2,31.0,CAPTYPE_1,20
133,PART_NAME_29,16,COLOR_NAME_16,MATERIAL_NAME33,24,2,34.0,CAPTYPE_1,20
134,PART_NAME_29,9,COLOR_NAME_9,MATERIAL_NAME34,24,2,35.0,CAPTYPE_1,20
135,PART_NAME_29,37,COLOR_NAME_37,MATERIAL_NAME32,24,2,33.0,CAPTYPE_1,20
136,PART_NAME_30,13,COLOR_NAME_13,MATERIAL_NAME35,24,2,30.0,CAPTYPE_1,21
137,PART_NAME_30,8,COLOR_NAME_8,MATERIAL_NAME35,24,2,31.0,CAPTYPE_1,21
138,PART_NAME_30,37,COLOR_NAME_37,MATERIAL_NAME36,24,2,33.0,CAPTYPE_1,21
139,PART_NAME_30,16,COLOR_NAME_16,MATERIAL_NAME36,24,2,34.0,CAPTYPE_1,21
140,PART_NAME_30,32,COLOR_NAME_32,MATERIAL_NAME36,24,2,32.0,CAPTYPE_1,21
141,PART_NAME_30,9,COLOR_NAME_9,MATERIAL_NAME36,24,2,35.0,CAPTYPE_1,21
142,PART_NAME_31,38,COLOR_NAME_38,MATERIAL_NAME37,10,2,,CAPTYPE_1,22
142,PART_NAME_31,38,COLOR_NAME_38,MATERIAL_NAME37,10,2,,CAPTYPE_1,22
143,PART_NAME_31,1,COLOR_NAME_1,MATERIAL_NAME37,10,2,,CAPTYPE_1,22
143,PART_NAME_31,1,COLOR_NAME_1,MATERIAL_NAME37,10,2,,CAPTYPE_1,22
144,PART_NAME_31,9,COLOR_NAME_9,MATERIAL_NAME37,10,2,,CAPTYPE_1,22
144,PART_NAME_31,9,COLOR_NAME_9,MATERIAL_NAME37,10,2,,CAPTYPE_1,22
145,PART_NAME_32,39,COLOR_NAME_39,MATERIAL_NAME38,4,15,,CAPTYPE_1,23
145,PART_NAME_32,39,COLOR_NAME_39,MATERIAL_NAME38,4,15,,CAPTYPE_1,23
146,PART_NAME_32,5,COLOR_NAME_5,MATERIAL_NAME38,4,15,,CAPTYPE_1,23
146,PART_NAME_32,5,COLOR_NAME_5,MATERIAL_NAME38,4,15,,CAPTYPE_1,23
147,PART_NAME_32,16,COLOR_NAME_16,MATERIAL_NAME38,4,15,,CAPTYPE_1,23
147,PART_NAME_32,16,COLOR_NAME_16,MATERIAL_NAME38,4,15,,CAPTYPE_1,23
148,PART_NAME_32,13,COLOR_NAME_13,MATERIAL_NAME38,4,15,,CAPTYPE_1,23
148,PART_NAME_32,13,COLOR_NAME_13,MATERIAL_NAME38,4,15,,CAPTYPE_1,23
149,PART_NAME_32,1,COLOR_NAME_1,MATERIAL_NAME38,4,15,,CAPTYPE_1,23
149,PART_NAME_32,1,COLOR_NAME_1,MATERIAL_NAME38,4,15,,CAPTYPE_1,23
150,PART_NAME_32,8,COLOR_NAME_8,MATERIAL_NAME38,4,15,,CAPTYPE_1,23
150,PART_NAME_32,8,COLOR_NAME_8,MATERIAL_NAME38,4,15,,CAPTYPE_1,23
151,PART_NAME_32,9,COLOR_NAME_9,MATERIAL_NAME38,4,15,,CAPTYPE_1,23
151,PART_NAME_32,9,COLOR_NAME_9,MATERIAL_NAME38,4,15,,CAPTYPE_1,23
152,PART_NAME_32,37,COLOR_NAME_37,MATERIAL_NAME39,4,15,,CAPTYPE_1,23
152,PART_NAME_32,37,COLOR_NAME_37,MATERIAL_NAME39,4,15,,CAPTYPE_1,23
153,PART_NAME_33,39,COLOR_NAME_39,MATERIAL_NAME40,15,3,50.0,CAPTYPE_1,24
153,PART_NAME_33,39,COLOR_NAME_39,MATERIAL_NAME40,15,3,50.0,CAPTYPE_1,24
154,PART_NAME_33,5,COLOR_NAME_5,MATERIAL_NAME40,15,3,51.0,CAPTYPE_1,24
154,PART_NAME_33,5,COLOR_NAME_5,MATERIAL_NAME40,15,3,51.0,CAPTYPE_1,24
155,PART_NAME_33,13,COLOR_NAME_13,MATERIAL_NAME40,15,3,52.0,CAPTYPE_1,24
155,PART_NAME_33,13,COLOR_NAME_13,MATERIAL_NAME40,15,3,52.0,CAPTYPE_1,24
156,PART_NAME_33,16,COLOR_NAME_16,MATERIAL_NAME40,15,3,53.0,CAPTYPE_1,24
156,PART_NAME_33,16,COLOR_NAME_16,MATERIAL_NAME40,15,3,53.0,CAPTYPE_1,24
157,PART_NAME_33,1,COLOR_NAME_1,MATERIAL_NAME40,15,3,54.0,CAPTYPE_1,24
157,PART_NAME_33,1,COLOR_NAME_1,MATERIAL_NAME40,15,3,54.0,CAPTYPE_1,24
158,PART_NAME_33,8,COLOR_NAME_8,MATERIAL_NAME40,15,3,55.0,CAPTYPE_1,24
158,PART_NAME_33,8,COLOR_NAME_8,MATERIAL_NAME40,15,3,55.0,CAPTYPE_1,24
159,PART_NAME_33,9,COLOR_NAME_9,MATERIAL_NAME40,15,3,56.0,CAPTYPE_1,24
159,PART_NAME_33,9,COLOR_NAME_9,MATERIAL_NAME40,15,3,56.0,CAPTYPE_1,24
160,PART_NAME_34,39,COLOR_NAME_39,MATERIAL_NAME41,15,3,50.0,CAPTYPE_1,25
160,PART_NAME_34,39,COLOR_NAME_39,MATERIAL_NAME41,15,3,50.0,CAPTYPE_1,25
161,PART_NAME_34,5,COLOR_NAME_5,MATERIAL_NAME41,15,3,51.0,CAPTYPE_1,25
161,PART_NAME_34,5,COLOR_NAME_5,MATERIAL_NAME41,15,3,51.0,CAPTYPE_1,25
162,PART_NAME_34,13,COLOR_NAME_13,MATERIAL_NAME41,15,3,52.0,CAPTYPE_1,25
162,PART_NAME_34,13,COLOR_NAME_13,MATERIAL_NAME41,15,3,52.0,CAPTYPE_1,25
163,PART_NAME_34,16,COLOR_NAME_16,MATERIAL_NAME41,15,3,53.0,CAPTYPE_1,25
163,PART_NAME_34,16,COLOR_NAME_16,MATERIAL_NAME41,15,3,53.0,CAPTYPE_1,25
164,PART_NAME_34,1,COLOR_NAME_1,MATERIAL_NAME41,15,3,54.0,CAPTYPE_1,25
164,PART_NAME_34,1,COLOR_NAME_1,MATERIAL_NAME41,15,3,54.0,CAPTYPE_1,25
165,PART_NAME_34,8,COLOR_NAME_8,MATERIAL_NAME41,15,3,55.0,CAPTYPE_1,25
165,PART_NAME_34,8,COLOR_NAME_8,MATERIAL_NAME41,15,3,55.0,CAPTYPE_1,25
166,PART_NAME_34,9,COLOR_NAME_9,MATERIAL_NAME41,15,3,56.0,CAPTYPE_1,25
166,PART_NAME_34,9,COLOR_NAME_9,MATERIAL_NAME41,15,3,56.0,CAPTYPE_1,25
167,PART_NAME_35,39,COLOR_NAME_39,MATERIAL_NAME42,4,15,,CAPTYPE_1,26
167,PART_NAME_35,39,COLOR_NAME_39,MATERIAL_NAME42,4,15,,CAPTYPE_1,26
168,PART_NAME_35,5,COLOR_NAME_5,MATERIAL_NAME42,4,15,,CAPTYPE_1,26
168,PART_NAME_35,5,COLOR_NAME_5,MATERIAL_NAME42,4,15,,CAPTYPE_1,26
169,PART_NAME_35,16,COLOR_NAME_16,MATERIAL_NAME42,4,15,,CAPTYPE_1,26
169,PART_NAME_35,16,COLOR_NAME_16,MATERIAL_NAME42,4,15,,CAPTYPE_1,26
170,PART_NAME_35,13,COLOR_NAME_13,MATERIAL_NAME42,4,15,,CAPTYPE_1,26
170,PART_NAME_35,13,COLOR_NAME_13,MATERIAL_NAME42,4,15,,CAPTYPE_1,26
171,PART_NAME_35,1,COLOR_NAME_1,MATERIAL_NAME42,4,15,,CAPTYPE_1,26
171,PART_NAME_35,1,COLOR_NAME_1,MATERIAL_NAME42,4,15,,CAPTYPE_1,26
172,PART_NAME_35,8,COLOR_NAME_8,MATERIAL_NAME42,4,15,,CAPTYPE_1,26
172,PART_NAME_35,8,COLOR_NAME_8,MATERIAL_NAME42,4,15,,CAPTYPE_1,26
173,PART_NAME_35,9,COLOR_NAME_9,MATERIAL_NAME42,4,15,,CAPTYPE_1,26
173,PART_NAME_35,9,COLOR_NAME_9,MATERIAL_NAME42,4,15,,CAPTYPE_1,26
174,PART_NAME_36,38,COLOR_NAME_38,MATERIAL_NAME43,10,7,,CAPTYPE_1,27
174,PART_NAME_36,38,COLOR_NAME_38,MATERIAL_NAME43,10,7,,CAPTYPE_1,27
175,PART_NAME_36,1,COLOR_NAME_1,MATERIAL_NAME43,10,7,,CAPTYPE_1,27
175,PART_NAME_36,1,COLOR_NAME_1,MATERIAL_NAME43,10,7,,CAPTYPE_1,27
176,PART_NAME_36,9,COLOR_NAME_9,MATERIAL_NAME43,10,7,,CAPTYPE_1,27
176,PART_NAME_36,9,COLOR_NAME_9,MATERIAL_NAME43,10,7,,CAPTYPE_1,27
177,PART_NAME_37,38,COLOR_NAME_38,MATERIAL_NAME44,12,7,,CAPTYPE_1,28
177,PART_NAME_37,38,COLOR_NAME_38,MATERIAL_NAME44,12,7,,CAPTYPE_1,28
178,PART_NAME_37,1,COLOR_NAME_1,MATERIAL_NAME44,12,7,,CAPTYPE_1,28
178,PART_NAME_37,1,COLOR_NAME_1,MATERIAL_NAME44,12,7,,CAPTYPE_1,28
179,PART_NAME_37,9,COLOR_NAME_9,MATERIAL_NAME44,12,7,,CAPTYPE_1,28
179,PART_NAME_37,9,COLOR_NAME_9,MATERIAL_NAME44,12,7,,CAPTYPE_1,28
180,PART_NAME_38,32,COLOR_NAME_32,MATERIAL_NAME45,4,15,,CAPTYPE_1,29
180,PART_NAME_38,32,COLOR_NAME_32,MATERIAL_NAME45,4,15,,CAPTYPE_1,29
181,PART_NAME_39,14,COLOR_NAME_14,MATERIAL_NAME45,4,15,,CAPTYPE_1,29
181,PART_NAME_39,14,COLOR_NAME_14,MATERIAL_NAME45,4,15,,CAPTYPE_1,29
182,PART_NAME_38,5,COLOR_NAME_5,MATERIAL_NAME45,4,15,,CAPTYPE_1,29
182,PART_NAME_38,5,COLOR_NAME_5,MATERIAL_NAME45,4,15,,CAPTYPE_1,29
183,PART_NAME_38,13,COLOR_NAME_13,MATERIAL_NAME45,4,15,,CAPTYPE_1,29
183,PART_NAME_38,13,COLOR_NAME_13,MATERIAL_NAME45,4,15,,CAPTYPE_1,29
184,PART_NAME_38,3,COLOR_NAME_3,MATERIAL_NAME45,4,15,,CAPTYPE_1,29
184,PART_NAME_38,3,COLOR_NAME_3,MATERIAL_NAME45,4,15,,CAPTYPE_1,29
185,PART_NAME_38,16,COLOR_NAME_16,MATERIAL_NAME45,4,15,,CAPTYPE_1,29
185,PART_NAME_38,16,COLOR_NAME_16,MATERIAL_NAME45,4,15,,CAPTYPE_1,29
186,PART_NAME_38,17,COLOR_NAME_17,MATERIAL_NAME45,4,15,,CAPTYPE_1,29
186,PART_NAME_38,17,COLOR_NAME_17,MATERIAL_NAME45,4,15,,CAPTYPE_1,29
187,PART_NAME_38,6,COLOR_NAME_6,MATERIAL_NAME45,4,15,,CAPTYPE_1,29
187,PART_NAME_38,6,COLOR_NAME_6,MATERIAL_NAME45,4,15,,CAPTYPE_1,29
188,PART_NAME_38,1,COLOR_NAME_1,MATERIAL_NAME45,4,15,,CAPTYPE_1,29
188,PART_NAME_38,1,COLOR_NAME_1,MATERIAL_NAME45,4,15,,CAPTYPE_1,29
189,PART_NAME_38,8,COLOR_NAME_8,MATERIAL_NAME45,4,15,,CAPTYPE_1,29
189,PART_NAME_38,8,COLOR_NAME_8,MATERIAL_NAME45,4,15,,CAPTYPE_1,29
190,PART_NAME_38,9,COLOR_NAME_9,MATERIAL_NAME45,4,15,,CAPTYPE_1,29
190,PART_NAME_38,9,COLOR_NAME_9,MATERIAL_NAME45,4,15,,CAPTYPE_1,29
191,PART_NAME_40,40,COLOR_NAME_40,MATERIAL_NAME46,10,22,,CAPTYPE_1,30
191,PART_NAME_40,40,COLOR_NAME_40,MATERIAL_NAME46,10,22,,CAPTYPE_1,30
192,PART_NAME_40,13,COLOR_NAME_13,MATERIAL_NAME46,10,22,,CAPTYPE_1,30
192,PART_NAME_40,13,COLOR_NAME_13,MATERIAL_NAME46,10,22,,CAPTYPE_1,30
193,PART_NAME_40,16,COLOR_NAME_16,MATERIAL_NAME46,10,22,,CAPTYPE_1,30
193,PART_NAME_40,16,COLOR_NAME_16,MATERIAL_NAME46,10,22,,CAPTYPE_1,30
194,PART_NAME_40,8,COLOR_NAME_8,MATERIAL_NAME46,10,22,,CAPTYPE_1,30
194,PART_NAME_40,8,COLOR_NAME_8,MATERIAL_NAME46,10,22,,CAPTYPE_1,30
195,PART_NAME_40,7,COLOR_NAME_7,MATERIAL_NAME46,10,22,,CAPTYPE_1,30
195,PART_NAME_40,7,COLOR_NAME_7,MATERIAL_NAME46,10,22,,CAPTYPE_1,30
196,PART_NAME_40,9,COLOR_NAME_9,MATERIAL_NAME46,10,22,,CAPTYPE_1,30
196,PART_NAME_40,9,COLOR_NAME_9,MATERIAL_NAME46,10,22,,CAPTYPE_1,30
197,PART_NAME_41,32,COLOR_NAME_32,MATERIAL_NAME47,6,30,,CAPTYPE_1,31
197,PART_NAME_41,32,COLOR_NAME_32,MATERIAL_NAME47,6,30,,CAPTYPE_1,31
198,PART_NAME_41,40,COLOR_NAME_40,MATERIAL_NAME47,6,30,,CAPTYPE_1,31
198,PART_NAME_41,40,COLOR_NAME_40,MATERIAL_NAME47,6,30,,CAPTYPE_1,31
199,PART_NAME_41,13,COLOR_NAME_13,MATERIAL_NAME47,6,30,,CAPTYPE_1,31
199,PART_NAME_41,13,COLOR_NAME_13,MATERIAL_NAME47,6,30,,CAPTYPE_1,31
197,PART_NAME_41,32,COLOR_NAME_32,MATERIAL_NAME47,6,30,,CAPTYPE_1,31
197,PART_NAME_41,32,COLOR_NAME_32,MATERIAL_NAME47,6,30,,CAPTYPE_1,31
200,PART_NAME_41,16,COLOR_NAME_16,MATERIAL_NAME47,6,30,,CAPTYPE_1,31
200,PART_NAME_41,16,COLOR_NAME_16,MATERIAL_NAME47,6,30,,CAPTYPE_1,31
201,PART_NAME_41,8,COLOR_NAME_8,MATERIAL_NAME47,6,30,,CAPTYPE_1,31
201,PART_NAME_41,8,COLOR_NAME_8,MATERIAL_NAME47,6,30,,CAPTYPE_1,31
202,PART_NAME_41,7,COLOR_NAME_7,MATERIAL_NAME47,6,30,,CAPTYPE_1,31
202,PART_NAME_41,7,COLOR_NAME_7,MATERIAL_NAME47,6,30,,CAPTYPE_1,31
203,PART_NAME_41,9,COLOR_NAME_9,MATERIAL_NAME47,6,30,,CAPTYPE_1,31
203,PART_NAME_41,9,COLOR_NAME_9,MATERIAL_NAME47,6,30,,CAPTYPE_1,31
204,PART_NAME_41,17,COLOR_NAME_17,MATERIAL_NAME47,6,30,,CAPTYPE_1,31
204,PART_NAME_41,17,COLOR_NAME_17,MATERIAL_NAME47,6,30,,CAPTYPE_1,31
205,PART_NAME_42,9,COLOR_NAME_9,MATERIAL_NAME48,6,14,,CAPTYPE_1,32
205,PART_NAME_42,9,COLOR_NAME_9,MATERIAL_NAME48,6,14,,CAPTYPE_1,32
206,PART_NAME_42,41,COLOR_NAME_41,MATERIAL_NAME48,6,14,,CAPTYPE_1,32
206,PART_NAME_42,41,COLOR_NAME_41,MATERIAL_NAME48,6,14,,CAPTYPE_1,32
207,PART_NAME_42,2,COLOR_NAME_2,MATERIAL_NAME48,6,14,,CAPTYPE_1,32
207,PART_NAME_42,2,COLOR_NAME_2,MATERIAL_NAME48,6,14,,CAPTYPE_1,32
208,PART_NAME_42,42,COLOR_NAME_42,MATERIAL_NAME48,6,14,,CAPTYPE_1,32
208,PART_NAME_42,42,COLOR_NAME_42,MATERIAL_NAME48,6,14,,CAPTYPE_1,32
209,PART_NAME_42,6,COLOR_NAME_6,MATERIAL_NAME48,6,14,,CAPTYPE_1,32
209,PART_NAME_42,6,COLOR_NAME_6,MATERIAL_NAME48,6,14,,CAPTYPE_1,32
210,PART_NAME_42,7,COLOR_NAME_7,MATERIAL_NAME48,6,14,,CAPTYPE_1,32
210,PART_NAME_42,7,COLOR_NAME_7,MATERIAL_NAME48,6,14,,CAPTYPE_1,32
211,PART_NAME_42,33,COLOR_NAME_33,MATERIAL_NAME48,6,14,,CAPTYPE_1,32
211,PART_NAME_42,33,COLOR_NAME_33,MATERIAL_NAME48,6,14,,CAPTYPE_1,32
212,PART_NAME_42,8,COLOR_NAME_8,MATERIAL_NAME48,6,14,,CAPTYPE_1,32
212,PART_NAME_42,8,COLOR_NAME_8,MATERIAL_NAME48,6,14,,CAPTYPE_1,32
213,PART_NAME_42,16,COLOR_NAME_16,MATERIAL_NAME48,6,14,,CAPTYPE_1,32
213,PART_NAME_42,16,COLOR_NAME_16,MATERIAL_NAME48,6,14,,CAPTYPE_1,32
214,PART_NAME_42,43,COLOR_NAME_43,MATERIAL_NAME48,6,14,,CAPTYPE_1,32
214,PART_NAME_42,43,COLOR_NAME_43,MATERIAL_NAME48,6,14,,CAPTYPE_1,32
215,PART_NAME_42,3,COLOR_NAME_3,MATERIAL_NAME48,6,14,,CAPTYPE_1,32
215,PART_NAME_42,3,COLOR_NAME_3,MATERIAL_NAME48,6,14,,CAPTYPE_1,32
213,PART_NAME_42,16,COLOR_NAME_16,MATERIAL_NAME48,6,14,,CAPTYPE_1,32
213,PART_NAME_42,16,COLOR_NAME_16,MATERIAL_NAME48,6,14,,CAPTYPE_1,32
216,PART_NAME_42,17,COLOR_NAME_17,MATERIAL_NAME48,6,14,,CAPTYPE_1,32
216,PART_NAME_42,17,COLOR_NAME_17,MATERIAL_NAME48,6,14,,CAPTYPE_1,32
217,PART_NAME_42,13,COLOR_NAME_13,MATERIAL_NAME48,6,14,,CAPTYPE_1,32
217,PART_NAME_42,13,COLOR_NAME_13,MATERIAL_NAME48,6,14,,CAPTYPE_1,32
218,PART_NAME_42,1,COLOR_NAME_1,MATERIAL_NAME48,6,14,,CAPTYPE_1,32
218,PART_NAME_42,1,COLOR_NAME_1,MATERIAL_NAME48,6,14,,CAPTYPE_1,32
219,PART_NAME_42,44,COLOR_NAME_44,MATERIAL_NAME48,6,14,,CAPTYPE_1,32
219,PART_NAME_42,44,COLOR_NAME_44,MATERIAL_NAME48,6,14,,CAPTYPE_1,32
220,PART_NAME_43,6,COLOR_NAME_6,MATERIAL_NAME49,4,5,,CAPTYPE_1,33
220,PART_NAME_43,6,COLOR_NAME_6,MATERIAL_NAME49,4,5,,CAPTYPE_1,33
221,PART_NAME_43,9,COLOR_NAME_9,MATERIAL_NAME49,4,5,,CAPTYPE_1,33
221,PART_NAME_43,9,COLOR_NAME_9,MATERIAL_NAME49,4,5,,CAPTYPE_1,33
222,PART_NAME_43,41,COLOR_NAME_41,MATERIAL_NAME49,4,5,,CAPTYPE_1,33
222,PART_NAME_43,41,COLOR_NAME_41,MATERIAL_NAME49,4,5,,CAPTYPE_1,33
223,PART_NAME_43,2,COLOR_NAME_2,MATERIAL_NAME49,4,5,,CAPTYPE_1,33
223,PART_NAME_43,2,COLOR_NAME_2,MATERIAL_NAME49,4,5,,CAPTYPE_1,33
224,PART_NAME_43,3,COLOR_NAME_3,MATERIAL_NAME49,4,5,,CAPTYPE_1,33
224,PART_NAME_43,3,COLOR_NAME_3,MATERIAL_NAME49,4,5,,CAPTYPE_1,33
225,PART_NAME_43,7,COLOR_NAME_7,MATERIAL_NAME49,4,5,,CAPTYPE_1,33
225,PART_NAME_43,7,COLOR_NAME_7,MATERIAL_NAME49,4,5,,CAPTYPE_1,33
226,PART_NAME_43,8,COLOR_NAME_8,MATERIAL_NAME49,4,5,,CAPTYPE_1,33
226,PART_NAME_43,8,COLOR_NAME_8,MATERIAL_NAME49,4,5,,CAPTYPE_1,33
227,PART_NAME_44,13,COLOR_NAME_13,MATERIAL_NAME50,8,15,20.0,CAPTYPE_1,34
227,PART_NAME_44,13,COLOR_NAME_13,MATERIAL_NAME50,8,15,20.0,CAPTYPE_1,34
228,PART_NAME_44,9,COLOR_NAME_9,MATERIAL_NAME50,8,15,21.0,CAPTYPE_1,34
228,PART_NAME_44,9,COLOR_NAME_9,MATERIAL_NAME50,8,15,21.0,CAPTYPE_1,34
229,PART_NAME_44,3,COLOR_NAME_3,MATERIAL_NAME50,8,15,22.0,CAPTYPE_1,34
229,PART_NAME_44,3,COLOR_NAME_3,MATERIAL_NAME50,8,15,22.0,CAPTYPE_1,34
230,PART_NAME_44,41,COLOR_NAME_41,MATERIAL_NAME50,8,15,23.0,CAPTYPE_1,34
230,PART_NAME_44,41,COLOR_NAME_41,MATERIAL_NAME50,8,15,23.0,CAPTYPE_1,34
231,PART_NAME_44,2,COLOR_NAME_2,MATERIAL_NAME50,8,15,24.0,CAPTYPE_1,34
231,PART_NAME_44,2,COLOR_NAME_2,MATERIAL_NAME50,8,15,24.0,CAPTYPE_1,34
232,PART_NAME_44,42,COLOR_NAME_42,MATERIAL_NAME50,8,15,25.0,CAPTYPE_1,34
232,PART_NAME_44,42,COLOR_NAME_42,MATERIAL_NAME50,8,15,25.0,CAPTYPE_1,34
233,PART_NAME_44,6,COLOR_NAME_6,MATERIAL_NAME50,8,15,26.0,CAPTYPE_1,34
233,PART_NAME_44,6,COLOR_NAME_6,MATERIAL_NAME50,8,15,26.0,CAPTYPE_1,34
234,PART_NAME_44,7,COLOR_NAME_7,MATERIAL_NAME50,8,15,27.0,CAPTYPE_1,34
234,PART_NAME_44,7,COLOR_NAME_7,MATERIAL_NAME50,8,15,27.0,CAPTYPE_1,34
235,PART_NAME_44,33,COLOR_NAME_33,MATERIAL_NAME50,8,15,28.0,CAPTYPE_1,34
235,PART_NAME_44,33,COLOR_NAME_33,MATERIAL_NAME50,8,15,28.0,CAPTYPE_1,34
236,PART_NAME_44,44,COLOR_NAME_44,MATERIAL_NAME50,8,15,29.0,CAPTYPE_1,34
236,PART_NAME_44,44,COLOR_NAME_44,MATERIAL_NAME50,8,15,29.0,CAPTYPE_1,34
237,PART_NAME_44,8,COLOR_NAME_8,MATERIAL_NAME50,8,15,30.0,CAPTYPE_1,34
237,PART_NAME_44,8,COLOR_NAME_8,MATERIAL_NAME50,8,15,30.0,CAPTYPE_1,34
238,PART_NAME_45,13,COLOR_NAME_13,MATERIAL_NAME51,8,15,20.0,CAPTYPE_1,35
238,PART_NAME_45,13,COLOR_NAME_13,MATERIAL_NAME51,8,15,20.0,CAPTYPE_1,35
239,PART_NAME_45,9,COLOR_NAME_9,MATERIAL_NAME51,8,15,21.0,CAPTYPE_1,35
239,PART_NAME_45,9,COLOR_NAME_9,MATERIAL_NAME51,8,15,21.0,CAPTYPE_1,35
240,PART_NAME_45,3,COLOR_NAME_3,MATERIAL_NAME51,8,15,22.0,CAPTYPE_1,35
240,PART_NAME_45,3,COLOR_NAME_3,MATERIAL_NAME51,8,15,22.0,CAPTYPE_1,35
241,PART_NAME_45,41,COLOR_NAME_41,MATERIAL_NAME51,8,15,23.0,CAPTYPE_1,35
241,PART_NAME_45,41,COLOR_NAME_41,MATERIAL_NAME51,8,15,23.0,CAPTYPE_1,35
242,PART_NAME_45,2,COLOR_NAME_2,MATERIAL_NAME51,8,15,24.0,CAPTYPE_1,35
242,PART_NAME_45,2,COLOR_NAME_2,MATERIAL_NAME51,8,15,24.0,CAPTYPE_1,35
243,PART_NAME_45,42,COLOR_NAME_42,MATERIAL_NAME51,8,15,25.0,CAPTYPE_1,35
243,PART_NAME_45,42,COLOR_NAME_42,MATERIAL_NAME51,8,15,25.0,CAPTYPE_1,35
244,PART_NAME_45,6,COLOR_NAME_6,MATERIAL_NAME51,8,15,26.0,CAPTYPE_1,35
244,PART_NAME_45,6,COLOR_NAME_6,MATERIAL_NAME51,8,15,26.0,CAPTYPE_1,35
245,PART_NAME_45,7,COLOR_NAME_7,MATERIAL_NAME51,8,15,27.0,CAPTYPE_1,35
245,PART_NAME_45,7,COLOR_NAME_7,MATERIAL_NAME51,8,15,27.0,CAPTYPE_1,35
246,PART_NAME_45,33,COLOR_NAME_33,MATERIAL_NAME51,8,15,28.0,CAPTYPE_1,35
246,PART_NAME_45,33,COLOR_NAME_33,MATERIAL_NAME51,8,15,28.0,CAPTYPE_1,35
247,PART_NAME_45,44,COLOR_NAME_44,MATERIAL_NAME51,8,15,29.0,CAPTYPE_1,35
247,PART_NAME_45,44,COLOR_NAME_44,MATERIAL_NAME51,8,15,29.0,CAPTYPE_1,35
248,PART_NAME_45,8,COLOR_NAME_8,MATERIAL_NAME51,8,15,30.0,CAPTYPE_1,35
248,PART_NAME_45,8,COLOR_NAME_8,MATERIAL_NAME51,8,15,30.0,CAPTYPE_1,35
249,PART_NAME_46,45,COLOR_NAME_45,MATERIAL_NAME52,6,16,,CAPTYPE_1,36
249,PART_NAME_46,45,COLOR_NAME_45,MATERIAL_NAME52,6,16,,CAPTYPE_1,36
250,PART_NAME_46,43,COLOR_NAME_43,MATERIAL_NAME52,6,16,,CAPTYPE_1,36
250,PART_NAME_46,43,COLOR_NAME_43,MATERIAL_NAME52,6,16,,CAPTYPE_1,36
251,PART_NAME_46,8,COLOR_NAME_8,MATERIAL_NAME52,6,16,,CAPTYPE_1,36
251,PART_NAME_46,8,COLOR_NAME_8,MATERIAL_NAME52,6,16,,CAPTYPE_1,36
252,PART_NAME_47,10,COLOR_NAME_10,MATERIAL_NAME53,4,15,,CAPTYPE_1,37
252,PART_NAME_47,10,COLOR_NAME_10,MATERIAL_NAME53,4,15,,CAPTYPE_1,37
253,PART_NAME_47,4,COLOR_NAME_4,MATERIAL_NAME53,4,15,,CAPTYPE_1,37
253,PART_NAME_47,4,COLOR_NAME_4,MATERIAL_NAME53,4,15,,CAPTYPE_1,37
254,PART_NAME_47,1,COLOR_NAME_1,MATERIAL_NAME53,4,15,,CAPTYPE_1,37
254,PART_NAME_47,1,COLOR_NAME_1,MATERIAL_NAME53,4,15,,CAPTYPE_1,37
255,PART_NAME_47,3,COLOR_NAME_3,MATERIAL_NAME53,4,15,,CAPTYPE_1,37
255,PART_NAME_47,3,COLOR_NAME_3,MATERIAL_NAME53,4,15,,CAPTYPE_1,37
256,PART_NAME_47,6,COLOR_NAME_6,MATERIAL_NAME53,4,15,,CAPTYPE_1,37
256,PART_NAME_47,6,COLOR_NAME_6,MATERIAL_NAME53,4,15,,CAPTYPE_1,37
257,PART_NAME_47,7,COLOR_NAME_7,MATERIAL_NAME53,4,15,,CAPTYPE_1,37
257,PART_NAME_47,7,COLOR_NAME_7,MATERIAL_NAME53,4,15,,CAPTYPE_1,37
258,PART_NAME_47,8,COLOR_NAME_8,MATERIAL_NAME53,4,15,,CAPTYPE_1,37
258,PART_NAME_47,8,COLOR_NAME_8,MATERIAL_NAME53,4,15,,CAPTYPE_1,37
259,PART_NAME_48,10,COLOR_NAME_10,MATERIAL_NAME54,4,30,,CAPTYPE_1,38
259,PART_NAME_48,10,COLOR_NAME_10,MATERIAL_NAME54,4,30,,CAPTYPE_1,38
260,PART_NAME_48,1,COLOR_NAME_1,MATERIAL_NAME54,4,30,,CAPTYPE_1,38
260,PART_NAME_48,1,COLOR_NAME_1,MATERIAL_NAME54,4,30,,CAPTYPE_1,38
261,PART_NAME_48,46,COLOR_NAME_46,MATERIAL_NAME54,4,30,,CAPTYPE_1,38
261,PART_NAME_48,46,COLOR_NAME_46,MATERIAL_NAME54,4,30,,CAPTYPE_1,38
262,PART_NAME_48,3,COLOR_NAME_3,MATERIAL_NAME54,4,30,,CAPTYPE_1,38
262,PART_NAME_48,3,COLOR_NAME_3,MATERIAL_NAME54,4,30,,CAPTYPE_1,38
263,PART_NAME_48,4,COLOR_NAME_4,MATERIAL_NAME54,4,30,,CAPTYPE_1,38
263,PART_NAME_48,4,COLOR_NAME_4,MATERIAL_NAME54,4,30,,CAPTYPE_1,38
264,PART_NAME_48,6,COLOR_NAME_6,MATERIAL_NAME54,4,30,,CAPTYPE_1,38
264,PART_NAME_48,6,COLOR_NAME_6,MATERIAL_NAME54,4,30,,CAPTYPE_1,38
265,PART_NAME_48,7,COLOR_NAME_7,MATERIAL_NAME54,4,30,,CAPTYPE_1,38
265,PART_NAME_48,7,COLOR_NAME_7,MATERIAL_NAME54,4,30,,CAPTYPE_1,38
266,PART_NAME_48,8,COLOR_NAME_8,MATERIAL_NAME54,4,30,,CAPTYPE_1,38
266,PART_NAME_48,8,COLOR_NAME_8,MATERIAL_NAME54,4,30,,CAPTYPE_1,38
267,PART_NAME_47,7,COLOR_NAME_7,MATERIAL_NAME55,6,15,,CAPTYPE_1,39
267,PART_NAME_47,7,COLOR_NAME_7,MATERIAL_NAME55,6,15,,CAPTYPE_1,39
268,PART_NAME_49,14,COLOR_NAME_14,MATERIAL_NAME55,6,15,,CAPTYPE_1,39
268,PART_NAME_49,14,COLOR_NAME_14,MATERIAL_NAME55,6,15,,CAPTYPE_1,39
269,PART_NAME_47,2,COLOR_NAME_2,MATERIAL_NAME55,6,15,,CAPTYPE_1,39
269,PART_NAME_47,2,COLOR_NAME_2,MATERIAL_NAME55,6,15,,CAPTYPE_1,39
270,PART_NAME_47,3,COLOR_NAME_3,MATERIAL_NAME55,6,15,,CAPTYPE_1,39
270,PART_NAME_47,3,COLOR_NAME_3,MATERIAL_NAME55,6,15,,CAPTYPE_1,39
271,PART_NAME_47,6,COLOR_NAME_6,MATERIAL_NAME55,6,15,,CAPTYPE_1,39
271,PART_NAME_47,6,COLOR_NAME_6,MATERIAL_NAME55,6,15,,CAPTYPE_1,39
272,PART_NAME_47,1,COLOR_NAME_1,MATERIAL_NAME55,6,15,,CAPTYPE_1,39
272,PART_NAME_47,1,COLOR_NAME_1,MATERIAL_NAME55,6,15,,CAPTYPE_1,39
273,PART_NAME_47,46,COLOR_NAME_46,MATERIAL_NAME55,6,15,,CAPTYPE_1,39
273,PART_NAME_47,46,COLOR_NAME_46,MATERIAL_NAME55,6,15,,CAPTYPE_1,39
274,PART_NAME_47,4,COLOR_NAME_4,MATERIAL_NAME55,6,15,,CAPTYPE_1,39
274,PART_NAME_47,4,COLOR_NAME_4,MATERIAL_NAME55,6,15,,CAPTYPE_1,39
267,PART_NAME_47,7,COLOR_NAME_7,MATERIAL_NAME55,6,15,,CAPTYPE_1,39
267,PART_NAME_47,7,COLOR_NAME_7,MATERIAL_NAME55,6,15,,CAPTYPE_1,39
275,PART_NAME_47,8,COLOR_NAME_8,MATERIAL_NAME55,6,15,,CAPTYPE_1,39
275,PART_NAME_47,8,COLOR_NAME_8,MATERIAL_NAME55,6,15,,CAPTYPE_1,39
276,PART_NAME_47,47,COLOR_NAME_47,MATERIAL_NAME55,6,15,,CAPTYPE_1,39
276,PART_NAME_47,47,COLOR_NAME_47,MATERIAL_NAME55,6,15,,CAPTYPE_1,39
274,PART_NAME_47,4,COLOR_NAME_4,MATERIAL_NAME55,6,15,,CAPTYPE_1,39
274,PART_NAME_47,4,COLOR_NAME_4,MATERIAL_NAME55,6,15,,CAPTYPE_1,39
272,PART_NAME_47,1,COLOR_NAME_1,MATERIAL_NAME55,6,15,,CAPTYPE_1,39
272,PART_NAME_47,1,COLOR_NAME_1,MATERIAL_NAME55,6,15,,CAPTYPE_1,39
277,PART_NAME_47,9,COLOR_NAME_9,MATERIAL_NAME55,6,15,,CAPTYPE_1,39
277,PART_NAME_47,9,COLOR_NAME_9,MATERIAL_NAME55,6,15,,CAPTYPE_1,39
269,PART_NAME_47,2,COLOR_NAME_2,MATERIAL_NAME55,6,15,,CAPTYPE_1,39
269,PART_NAME_47,2,COLOR_NAME_2,MATERIAL_NAME55,6,15,,CAPTYPE_1,39
270,PART_NAME_47,3,COLOR_NAME_3,MATERIAL_NAME55,6,15,,CAPTYPE_1,39
270,PART_NAME_47,3,COLOR_NAME_3,MATERIAL_NAME55,6,15,,CAPTYPE_1,39
275,PART_NAME_47,8,COLOR_NAME_8,MATERIAL_NAME55,6,15,,CAPTYPE_1,39
275,PART_NAME_47,8,COLOR_NAME_8,MATERIAL_NAME55,6,15,,CAPTYPE_1,39
278,PART_NAME_50,14,COLOR_NAME_14,MATERIAL_NAME56,4,20,,CAPTYPE_1,40
278,PART_NAME_50,14,COLOR_NAME_14,MATERIAL_NAME56,4,20,,CAPTYPE_1,40
279,PART_NAME_48,2,COLOR_NAME_2,MATERIAL_NAME56,4,20,,CAPTYPE_1,40
279,PART_NAME_48,2,COLOR_NAME_2,MATERIAL_NAME56,4,20,,CAPTYPE_1,40
280,PART_NAME_48,3,COLOR_NAME_3,MATERIAL_NAME56,4,20,,CAPTYPE_1,40
280,PART_NAME_48,3,COLOR_NAME_3,MATERIAL_NAME56,4,20,,CAPTYPE_1,40
281,PART_NAME_48,6,COLOR_NAME_6,MATERIAL_NAME56,4,20,,CAPTYPE_1,40
281,PART_NAME_48,6,COLOR_NAME_6,MATERIAL_NAME56,4,20,,CAPTYPE_1,40
282,PART_NAME_48,1,COLOR_NAME_1,MATERIAL_NAME56,4,20,,CAPTYPE_1,40
282,PART_NAME_48,1,COLOR_NAME_1,MATERIAL_NAME56,4,20,,CAPTYPE_1,40
283,PART_NAME_48,46,COLOR_NAME_46,MATERIAL_NAME56,4,20,,CAPTYPE_1,40
283,PART_NAME_48,46,COLOR_NAME_46,MATERIAL_NAME56,4,20,,CAPTYPE_1,40
284,PART_NAME_48,4,COLOR_NAME_4,MATERIAL_NAME56,4,20,,CAPTYPE_1,40
284,PART_NAME_48,4,COLOR_NAME_4,MATERIAL_NAME56,4,20,,CAPTYPE_1,40
285,PART_NAME_48,7,COLOR_NAME_7,MATERIAL_NAME56,4,20,,CAPTYPE_1,40
285,PART_NAME_48,7,COLOR_NAME_7,MATERIAL_NAME56,4,20,,CAPTYPE_1,40
286,PART_NAME_48,8,COLOR_NAME_8,MATERIAL_NAME56,4,20,,CAPTYPE_1,40
286,PART_NAME_48,8,COLOR_NAME_8,MATERIAL_NAME56,4,20,,CAPTYPE_1,40
287,PART_NAME_48,47,COLOR_NAME_47,MATERIAL_NAME56,4,20,,CAPTYPE_1,40
287,PART_NAME_48,47,COLOR_NAME_47,MATERIAL_NAME56,4,20,,CAPTYPE_1,40
288,PART_NAME_48,10,COLOR_NAME_10,MATERIAL_NAME56,4,20,,CAPTYPE_1,40
288,PART_NAME_48,10,COLOR_NAME_10,MATERIAL_NAME56,4,20,,CAPTYPE_1,40
284,PART_NAME_48,4,COLOR_NAME_4,MATERIAL_NAME56,4,20,,CAPTYPE_1,40
284,PART_NAME_48,4,COLOR_NAME_4,MATERIAL_NAME56,4,20,,CAPTYPE_1,40
283,PART_NAME_50,46,COLOR_NAME_46,MATERIAL_NAME56,4,20,,CAPTYPE_1,40
283,PART_NAME_50,46,COLOR_NAME_46,MATERIAL_NAME56,4,20,,CAPTYPE_1,40
278,PART_NAME_50,14,COLOR_NAME_14,MATERIAL_NAME56,4,20,,CAPTYPE_1,40
278,PART_NAME_50,14,COLOR_NAME_14,MATERIAL_NAME56,4,20,,CAPTYPE_1,40
279,PART_NAME_48,2,COLOR_NAME_2,MATERIAL_NAME56,4,20,,CAPTYPE_1,40
279,PART_NAME_48,2,COLOR_NAME_2,MATERIAL_NAME56,4,20,,CAPTYPE_1,40
280,PART_NAME_48,3,COLOR_NAME_3,MATERIAL_NAME56,4,20,,CAPTYPE_1,40
280,PART_NAME_48,3,COLOR_NAME_3,MATERIAL_NAME56,4,20,,CAPTYPE_1,40
281,PART_NAME_48,6,COLOR_NAME_6,MATERIAL_NAME56,4,20,,CAPTYPE_1,40
281,PART_NAME_48,6,COLOR_NAME_6,MATERIAL_NAME56,4,20,,CAPTYPE_1,40
285,PART_NAME_48,7,COLOR_NAME_7,MATERIAL_NAME56,4,20,,CAPTYPE_1,40
285,PART_NAME_48,7,COLOR_NAME_7,MATERIAL_NAME56,4,20,,CAPTYPE_1,40
282,PART_NAME_48,1,COLOR_NAME_1,MATERIAL_NAME56,4,20,,CAPTYPE_1,40
282,PART_NAME_48,1,COLOR_NAME_1,MATERIAL_NAME56,4,20,,CAPTYPE_1,40
286,PART_NAME_48,8,COLOR_NAME_8,MATERIAL_NAME56,4,20,,CAPTYPE_1,40
286,PART_NAME_48,8,COLOR_NAME_8,MATERIAL_NAME56,4,20,,CAPTYPE_1,40
289,PART_NAME_48,9,COLOR_NAME_9,MATERIAL_NAME56,4,20,,CAPTYPE_1,40
289,PART_NAME_48,9,COLOR_NAME_9,MATERIAL_NAME56,4,20,,CAPTYPE_1,40
290,PART_NAME_9,8,COLOR_NAME_8,MATERIAL_NAME57,4,20,,CAPTYPE_1,41
291,PART_NAME_9,9,COLOR_NAME_9,MATERIAL_NAME57,4,20,,CAPTYPE_1,41
291,PART_NAME_9,9,COLOR_NAME_9,MATERIAL_NAME57,4,20,,CAPTYPE_1,41
292,PART_NAME_9,20,COLOR_NAME_20,MATERIAL_NAME57,4,20,,CAPTYPE_1,41
292,PART_NAME_9,20,COLOR_NAME_20,MATERIAL_NAME57,4,20,,CAPTYPE_1,41
293,PART_NAME_9,48,COLOR_NAME_48,MATERIAL_NAME57,4,20,,CAPTYPE_1,41
293,PART_NAME_9,48,COLOR_NAME_48,MATERIAL_NAME57,4,20,,CAPTYPE_1,41
294,PART_NAME_9,49,COLOR_NAME_49,MATERIAL_NAME57,4,20,,CAPTYPE_1,41
294,PART_NAME_9,49,COLOR_NAME_49,MATERIAL_NAME57,4,20,,CAPTYPE_1,41
295,PART_NAME_51,7,COLOR_NAME_7,MATERIAL_NAME58,450,3,,CAPTYPE_1,78
295,PART_NAME_51,7,COLOR_NAME_7,MATERIAL_NAME58,450,3,,CAPTYPE_1,78
296,PART_NAME_52,7,COLOR_NAME_7,MATERIAL_NAME59,450,3,,CAPTYPE_1,78
296,PART_NAME_52,7,COLOR_NAME_7,MATERIAL_NAME59,450,3,,CAPTYPE_1,78
297,PART_NAME_53,7,COLOR_NAME_7,MATERIAL_NAME60,450,3,,CAPTYPE_1,78
297,PART_NAME_53,7,COLOR_NAME_7,MATERIAL_NAME60,450,3,,CAPTYPE_1,78
298,PART_NAME_54,7,COLOR_NAME_7,MATERIAL_NAME61,450,3,,CAPTYPE_1,78
298,PART_NAME_54,7,COLOR_NAME_7,MATERIAL_NAME61,450,3,,CAPTYPE_1,78
299,PART_NAME_55,7,COLOR_NAME_7,MATERIAL_NAME62,450,3,,CAPTYPE_1,78
299,PART_NAME_55,7,COLOR_NAME_7,MATERIAL_NAME62,450,3,,CAPTYPE_1,78
300,PART_NAME_56,7,COLOR_NAME_7,MATERIAL_NAME63,450,3,,CAPTYPE_1,78
300,PART_NAME_56,7,COLOR_NAME_7,MATERIAL_NAME63,450,3,,CAPTYPE_1,78
301,PART_NAME_1,19,COLOR_NAME_19,MATERIAL_NAME64,6,24,,CAPTYPE_1,79
301,PART_NAME_1,19,COLOR_NAME_19,MATERIAL_NAME64,6,24,,CAPTYPE_1,79
302,PART_NAME_1,3,COLOR_NAME_3,MATERIAL_NAME64,6,24,,CAPTYPE_1,79
302,PART_NAME_1,3,COLOR_NAME_3,MATERIAL_NAME64,6,24,,CAPTYPE_1,79
303,PART_NAME_1,4,COLOR_NAME_4,MATERIAL_NAME64,6,24,,CAPTYPE_1,79
303,PART_NAME_1,4,COLOR_NAME_4,MATERIAL_NAME64,6,24,,CAPTYPE_1,79
304,PART_NAME_1,6,COLOR_NAME_6,MATERIAL_NAME64,6,24,,CAPTYPE_1,79
304,PART_NAME_1,6,COLOR_NAME_6,MATERIAL_NAME64,6,24,,CAPTYPE_1,79
305,PART_NAME_1,27,COLOR_NAME_27,MATERIAL_NAME64,6,24,,CAPTYPE_1,79
305,PART_NAME_1,27,COLOR_NAME_27,MATERIAL_NAME64,6,24,,CAPTYPE_1,79
306,PART_NAME_1,7,COLOR_NAME_7,MATERIAL_NAME64,6,24,,CAPTYPE_1,79
306,PART_NAME_1,7,COLOR_NAME_7,MATERIAL_NAME64,6,24,,CAPTYPE_1,79
307,PART_NAME_1,25,COLOR_NAME_25,MATERIAL_NAME64,6,24,,CAPTYPE_1,79
307,PART_NAME_1,25,COLOR_NAME_25,MATERIAL_NAME64,6,24,,CAPTYPE_1,79
308,PART_NAME_1,1,COLOR_NAME_1,MATERIAL_NAME64,6,24,,CAPTYPE_1,79
308,PART_NAME_1,1,COLOR_NAME_1,MATERIAL_NAME64,6,24,,CAPTYPE_1,79
309,PART_NAME_1,24,COLOR_NAME_24,MATERIAL_NAME64,6,24,,CAPTYPE_1,79
309,PART_NAME_1,24,COLOR_NAME_24,MATERIAL_NAME64,6,24,,CAPTYPE_1,79
310,PART_NAME_1,8,COLOR_NAME_8,MATERIAL_NAME64,6,24,,CAPTYPE_1,79
310,PART_NAME_1,8,COLOR_NAME_8,MATERIAL_NAME64,6,24,,CAPTYPE_1,79
311,PART_NAME_1,9,COLOR_NAME_9,MATERIAL_NAME64,6,24,,CAPTYPE_1,79
311,PART_NAME_1,9,COLOR_NAME_9,MATERIAL_NAME64,6,24,,CAPTYPE_1,79
312,PART_NAME_1,50,COLOR_NAME_50,MATERIAL_NAME64,6,24,,CAPTYPE_1,79
312,PART_NAME_1,50,COLOR_NAME_50,MATERIAL_NAME64,6,24,,CAPTYPE_1,79
313,PART_NAME_1,26,COLOR_NAME_26,MATERIAL_NAME64,6,24,,CAPTYPE_1,79
313,PART_NAME_1,26,COLOR_NAME_26,MATERIAL_NAME64,6,24,,CAPTYPE_1,79
314,PART_NAME_1,23,COLOR_NAME_23,MATERIAL_NAME64,6,24,,CAPTYPE_1,79
314,PART_NAME_1,23,COLOR_NAME_23,MATERIAL_NAME64,6,24,,CAPTYPE_1,79
315,PART_NAME_57,14,COLOR_NAME_14,MATERIAL_NAME64,6,24,,CAPTYPE_1,79
315,PART_NAME_57,14,COLOR_NAME_14,MATERIAL_NAME64,6,24,,CAPTYPE_1,79
316,PART_NAME_5,3,COLOR_NAME_3,MATERIAL_NAME65,8,15,,CAPTYPE_1,80
316,PART_NAME_5,3,COLOR_NAME_3,MATERIAL_NAME65,8,15,,CAPTYPE_1,80
317,PART_NAME_5,27,COLOR_NAME_27,MATERIAL_NAME65,8,15,,CAPTYPE_1,80
317,PART_NAME_5,27,COLOR_NAME_27,MATERIAL_NAME65,8,15,,CAPTYPE_1,80
318,PART_NAME_5,4,COLOR_NAME_4,MATERIAL_NAME65,8,15,,CAPTYPE_1,80
318,PART_NAME_5,4,COLOR_NAME_4,MATERIAL_NAME65,8,15,,CAPTYPE_1,80
319,PART_NAME_5,7,COLOR_NAME_7,MATERIAL_NAME65,8,15,,CAPTYPE_1,80
319,PART_NAME_5,7,COLOR_NAME_7,MATERIAL_NAME65,8,15,,CAPTYPE_1,80
320,PART_NAME_5,25,COLOR_NAME_25,MATERIAL_NAME65,8,15,,CAPTYPE_1,80
320,PART_NAME_5,25,COLOR_NAME_25,MATERIAL_NAME65,8,15,,CAPTYPE_1,80
321,PART_NAME_5,50,COLOR_NAME_50,MATERIAL_NAME65,8,15,,CAPTYPE_1,80
321,PART_NAME_5,50,COLOR_NAME_50,MATERIAL_NAME65,8,15,,CAPTYPE_1,80
322,PART_NAME_5,9,COLOR_NAME_9,MATERIAL_NAME65,8,15,,CAPTYPE_1,80
322,PART_NAME_5,9,COLOR_NAME_9,MATERIAL_NAME65,8,15,,CAPTYPE_1,80
323,PART_NAME_5,26,COLOR_NAME_26,MATERIAL_NAME65,8,15,,CAPTYPE_1,80
323,PART_NAME_5,26,COLOR_NAME_26,MATERIAL_NAME65,8,15,,CAPTYPE_1,80
324,PART_NAME_5,6,COLOR_NAME_6,MATERIAL_NAME65,8,15,,CAPTYPE_1,80
324,PART_NAME_5,6,COLOR_NAME_6,MATERIAL_NAME65,8,15,,CAPTYPE_1,80
325,PART_NAME_5,8,COLOR_NAME_8,MATERIAL_NAME65,8,15,,CAPTYPE_1,80
325,PART_NAME_5,8,COLOR_NAME_8,MATERIAL_NAME65,8,15,,CAPTYPE_1,80
326,PART_NAME_58,31,COLOR_NAME_31,MATERIAL_NAME66,24,3,60.0,CAPTYPE_2,81
327,PART_NAME_58,3,COLOR_NAME_3,MATERIAL_NAME66,24,3,61.0,CAPTYPE_2,81
328,PART_NAME_58,32,COLOR_NAME_32,MATERIAL_NAME66,24,3,62.0,CAPTYPE_2,81
329,PART_NAME_58,7,COLOR_NAME_7,MATERIAL_NAME66,24,3,63.0,CAPTYPE_2,81
330,PART_NAME_58,51,COLOR_NAME_51,MATERIAL_NAME66,24,3,64.0,CAPTYPE_2,81
331,PART_NAME_58,6,COLOR_NAME_6,MATERIAL_NAME66,24,3,65.0,CAPTYPE_2,81
332,PART_NAME_58,25,COLOR_NAME_25,MATERIAL_NAME66,24,3,66.0,CAPTYPE_2,81
333,PART_NAME_58,24,COLOR_NAME_24,MATERIAL_NAME66,24,3,67.0,CAPTYPE_2,81
334,PART_NAME_58,8,COLOR_NAME_8,MATERIAL_NAME66,24,3,68.0,CAPTYPE_2,81
335,PART_NAME_58,13,COLOR_NAME_13,MATERIAL_NAME66,24,3,69.0,CAPTYPE_2,81
335,PART_NAME_58,13,COLOR_NAME_13,MATERIAL_NAME66,24,3,69.0,CAPTYPE_2,81
336,PART_NAME_59,3,COLOR_NAME_3,MATERIAL_NAME67,24,3,,CAPTYPE_2,82
337,PART_NAME_59,51,COLOR_NAME_51,MATERIAL_NAME67,24,3,,CAPTYPE_2,82
338,PART_NAME_59,32,COLOR_NAME_32,MATERIAL_NAME67,24,3,,CAPTYPE_2,82
339,PART_NAME_59,24,COLOR_NAME_24,MATERIAL_NAME67,24,3,,CAPTYPE_2,82
340,PART_NAME_59,7,COLOR_NAME_7,MATERIAL_NAME67,24,3,,CAPTYPE_2,82
341,PART_NAME_59,8,COLOR_NAME_8,MATERIAL_NAME67,24,3,,CAPTYPE_2,82
342,PART_NAME_60,3,COLOR_NAME_3,MATERIAL_NAME68,24,3,61.0,CAPTYPE_2,83
343,PART_NAME_60,32,COLOR_NAME_32,MATERIAL_NAME68,24,3,62.0,CAPTYPE_2,83
344,PART_NAME_60,7,COLOR_NAME_7,MATERIAL_NAME68,24,3,63.0,CAPTYPE_2,83
345,PART_NAME_60,51,COLOR_NAME_51,MATERIAL_NAME68,24,3,64.0,CAPTYPE_2,83
346,PART_NAME_60,6,COLOR_NAME_6,MATERIAL_NAME68,24,3,65.0,CAPTYPE_2,83
347,PART_NAME_60,25,COLOR_NAME_25,MATERIAL_NAME68,24,3,66.0,CAPTYPE_2,83
348,PART_NAME_60,24,COLOR_NAME_24,MATERIAL_NAME68,24,3,67.0,CAPTYPE_2,83
349,PART_NAME_60,8,COLOR_NAME_8,MATERIAL_NAME68,24,3,68.0,CAPTYPE_2,83
350,PART_NAME_60,13,COLOR_NAME_13,MATERIAL_NAME68,24,3,69.0,CAPTYPE_2,83
351,PART_NAME_61,32,COLOR_NAME_32,MATERIAL_NAME69,9,20,3.0,CAPTYPE_1,84
351,PART_NAME_61,32,COLOR_NAME_32,MATERIAL_NAME69,9,20,3.0,CAPTYPE_1,84
352,PART_NAME_61,3,COLOR_NAME_3,MATERIAL_NAME69,9,20,4.0,CAPTYPE_1,84
352,PART_NAME_61,3,COLOR_NAME_3,MATERIAL_NAME69,9,20,4.0,CAPTYPE_1,84
353,PART_NAME_61,35,COLOR_NAME_35,MATERIAL_NAME69,9,20,5.0,CAPTYPE_1,84
353,PART_NAME_61,35,COLOR_NAME_35,MATERIAL_NAME69,9,20,5.0,CAPTYPE_1,84
354,PART_NAME_61,33,COLOR_NAME_33,MATERIAL_NAME69,9,20,6.0,CAPTYPE_1,84
354,PART_NAME_61,33,COLOR_NAME_33,MATERIAL_NAME69,9,20,6.0,CAPTYPE_1,84
355,PART_NAME_61,34,COLOR_NAME_34,MATERIAL_NAME69,9,20,7.0,CAPTYPE_1,84
355,PART_NAME_61,34,COLOR_NAME_34,MATERIAL_NAME69,9,20,7.0,CAPTYPE_1,84
356,PART_NAME_61,1,COLOR_NAME_1,MATERIAL_NAME69,9,20,8.0,CAPTYPE_1,84
356,PART_NAME_61,1,COLOR_NAME_1,MATERIAL_NAME69,9,20,8.0,CAPTYPE_1,84
357,PART_NAME_61,24,COLOR_NAME_24,MATERIAL_NAME69,9,20,9.0,CAPTYPE_1,84
357,PART_NAME_61,24,COLOR_NAME_24,MATERIAL_NAME69,9,20,9.0,CAPTYPE_1,84
358,PART_NAME_61,8,COLOR_NAME_8,MATERIAL_NAME69,9,20,10.0,CAPTYPE_1,84
358,PART_NAME_61,8,COLOR_NAME_8,MATERIAL_NAME69,9,20,10.0,CAPTYPE_1,84
359,PART_NAME_61,9,COLOR_NAME_9,MATERIAL_NAME69,9,20,11.0,CAPTYPE_1,84
359,PART_NAME_61,9,COLOR_NAME_9,MATERIAL_NAME69,9,20,11.0,CAPTYPE_1,84
360,PART_NAME_62,14,COLOR_NAME_14,MATERIAL_NAME69,9,20,1.0,CAPTYPE_1,84
360,PART_NAME_62,14,COLOR_NAME_14,MATERIAL_NAME69,9,20,1.0,CAPTYPE_1,84
361,PART_NAME_63,32,COLOR_NAME_32,MATERIAL_NAME70,9,20,3.0,CAPTYPE_1,85
361,PART_NAME_63,32,COLOR_NAME_32,MATERIAL_NAME70,9,20,3.0,CAPTYPE_1,85
362,PART_NAME_63,3,COLOR_NAME_3,MATERIAL_NAME70,9,20,4.0,CAPTYPE_1,85
362,PART_NAME_63,3,COLOR_NAME_3,MATERIAL_NAME70,9,20,4.0,CAPTYPE_1,85
363,PART_NAME_63,35,COLOR_NAME_35,MATERIAL_NAME70,9,20,5.0,CAPTYPE_1,85
363,PART_NAME_63,35,COLOR_NAME_35,MATERIAL_NAME70,9,20,5.0,CAPTYPE_1,85
364,PART_NAME_63,33,COLOR_NAME_33,MATERIAL_NAME70,9,20,6.0,CAPTYPE_1,85
364,PART_NAME_63,33,COLOR_NAME_33,MATERIAL_NAME70,9,20,6.0,CAPTYPE_1,85
365,PART_NAME_63,34,COLOR_NAME_34,MATERIAL_NAME70,9,20,7.0,CAPTYPE_1,85
365,PART_NAME_63,34,COLOR_NAME_34,MATERIAL_NAME70,9,20,7.0,CAPTYPE_1,85
366,PART_NAME_63,1,COLOR_NAME_1,MATERIAL_NAME70,9,20,8.0,CAPTYPE_1,85
366,PART_NAME_63,1,COLOR_NAME_1,MATERIAL_NAME70,9,20,8.0,CAPTYPE_1,85
367,PART_NAME_63,24,COLOR_NAME_24,MATERIAL_NAME70,9,20,9.0,CAPTYPE_1,85
367,PART_NAME_63,24,COLOR_NAME_24,MATERIAL_NAME70,9,20,9.0,CAPTYPE_1,85
368,PART_NAME_63,8,COLOR_NAME_8,MATERIAL_NAME70,9,20,10.0,CAPTYPE_1,85
368,PART_NAME_63,8,COLOR_NAME_8,MATERIAL_NAME70,9,20,10.0,CAPTYPE_1,85
369,PART_NAME_63,9,COLOR_NAME_9,MATERIAL_NAME70,9,20,11.0,CAPTYPE_1,85
369,PART_NAME_63,9,COLOR_NAME_9,MATERIAL_NAME70,9,20,11.0,CAPTYPE_1,85
370,PART_NAME_64,14,COLOR_NAME_14,MATERIAL_NAME70,9,20,1.0,CAPTYPE_1,85
370,PART_NAME_64,14,COLOR_NAME_14,MATERIAL_NAME70,9,20,1.0,CAPTYPE_1,85
371,PART_NAME_8,52,COLOR_NAME_52,MATERIAL_NAME71,8,13,,CAPTYPE_1,42
372,PART_NAME_65,53,COLOR_NAME_53,MATERIAL_NAME72,16,5,,CAPTYPE_1,43
373,PART_NAME_66,53,COLOR_NAME_53,MATERIAL_NAME73,56,2,,CAPTYPE_1,43
374,PART_NAME_67,38,COLOR_NAME_38,MATERIAL_NAME74,48,4,,CAPTYPE_1,44
375,PART_NAME_68,38,COLOR_NAME_38,MATERIAL_NAME75,30,5,,CAPTYPE_1,45
376,PART_NAME_69,38,COLOR_NAME_38,MATERIAL_NAME76,30,5,,CAPTYPE_1,46
377,PART_NAME_70,38,COLOR_NAME_38,MATERIAL_NAME77,30,5,,CAPTYPE_1,47
378,PART_NAME_71,38,COLOR_NAME_38,MATERIAL_NAME78,30,5,,CAPTYPE_1,47
379,PART_NAME_72,38,COLOR_NAME_38,MATERIAL_NAME79,30,5,,CAPTYPE_1,48
380,PART_NAME_73,38,COLOR_NAME_38,MATERIAL_NAME80,30,5,,CAPTYPE_1,48
381,PART_NAME_74,31,COLOR_NAME_31,MATERIAL_NAME81,18,2,,CAPTYPE_1,49
382,PART_NAME_75,31,COLOR_NAME_31,MATERIAL_NAME82,18,2,,CAPTYPE_1,50
383,PART_NAME_76,31,COLOR_NAME_31,MATERIAL_NAME83,4,100,,CAPTYPE_1,51
384,PART_NAME_77,29,COLOR_NAME_29,MATERIAL_NAME84,14,6,,CAPTYPE_1,52
385,PART_NAME_78,29,COLOR_NAME_29,MATERIAL_NAME85,14,6,,CAPTYPE_1,53
386,PART_NAME_79,29,COLOR_NAME_29,MATERIAL_NAME86,24,3,,CAPTYPE_1,54
387,PART_NAME_80,29,COLOR_NAME_29,MATERIAL_NAME87,24,3,,CAPTYPE_1,55
388,PART_NAME_81,29,COLOR_NAME_29,MATERIAL_NAME88,80,2,,CAPTYPE_1,56
389,PART_NAME_82,31,COLOR_NAME_31,MATERIAL_NAME89,6,2,,CAPTYPE_1,57
389,PART_NAME_82,31,COLOR_NAME_31,MATERIAL_NAME89,6,2,,CAPTYPE_1,57
390,PART_NAME_83,54,COLOR_NAME_54,MATERIAL_NAME90,16,100,,CAPTYPE_1,58
391,PART_NAME_84,54,COLOR_NAME_54,MATERIAL_NAME91,16,100,,CAPTYPE_1,59
392,PART_NAME_85,54,COLOR_NAME_54,MATERIAL_NAME92,24,100,,CAPTYPE_1,60
393,PART_NAME_86,55,COLOR_NAME_55,MATERIAL_NAME93,900,100,,CAPTYPE_1,61
394,PART_NAME_87,55,COLOR_NAME_55,MATERIAL_NAME94,900,100,,CAPTYPE_1,62
395,PART_NAME_88,56,COLOR_NAME_56,MATERIAL_NAME95,40,3,,CAPTYPE_1,63
396,PART_NAME_89,4,COLOR_NAME_4,MATERIAL_NAME96,10,1,,CAPTYPE_1,64
396,PART_NAME_89,4,COLOR_NAME_4,MATERIAL_NAME96,10,1,,CAPTYPE_1,64
397,PART_NAME_90,4,COLOR_NAME_4,MATERIAL_NAME97,10,1,,CAPTYPE_1,65
397,PART_NAME_90,4,COLOR_NAME_4,MATERIAL_NAME97,10,1,,CAPTYPE_1,65
398,PART_NAME_91,8,COLOR_NAME_8,MATERIAL_NAME98,900,1,,CAPTYPE_1,66
398,PART_NAME_91,8,COLOR_NAME_8,MATERIAL_NAME98,900,1,,CAPTYPE_1,66
399,PART_NAME_92,4,COLOR_NAME_4,MATERIAL_NAME99,16,1,,CAPTYPE_1,67
400,PART_NAME_93,4,COLOR_NAME_4,MATERIAL_NAME100,16,1,,CAPTYPE_1,68
401,PART_NAME_94,31,COLOR_NAME_31,MATERIAL_NAME101,28,4,,CAPTYPE_1,69
401,PART_NAME_94,31,COLOR_NAME_31,MATERIAL_NAME101,28,4,,CAPTYPE_1,69
402,PART_NAME_95,31,COLOR_NAME_31,MATERIAL_NAME102,30,5,,CAPTYPE_1,70
403,PART_NAME_96,31,COLOR_NAME_31,MATERIAL_NAME103,30,5,,CAPTYPE_1,70
404,PART_NAME_97,31,COLOR_NAME_31,MATERIAL_NAME104,30,10,,CAPTYPE_1,71
405,PART_NAME_98,31,COLOR_NAME_31,MATERIAL_NAME105,30,10,,CAPTYPE_1,71
406,PART_NAME_99,31,COLOR_NAME_31,MATERIAL_NAME106,30,10,,CAPTYPE_1,72
407,PART_NAME_100,31,COLOR_NAME_31,MATERIAL_NAME107,30,10,,CAPTYPE_1,72
408,PART_NAME_101,31,COLOR_NAME_31,MATERIAL_NAME108,4,100,,CAPTYPE_1,73
409,PART_NAME_102,31,COLOR_NAME_31,MATERIAL_NAME109,4,100,,CAPTYPE_1,73
410,PART_NAME_103,31,COLOR_NAME_31,MATERIAL_NAME110,4,100,,CAPTYPE_1,73
411,PART_NAME_104,31,COLOR_NAME_31,MATERIAL_NAME111,4,100,,CAPTYPE_1,73
412,PART_NAME_105,31,COLOR_NAME_31,MATERIAL_NAME112,4,100,,CAPTYPE_1,73
413,PART_NAME_106,31,COLOR_NAME_31,MATERIAL_NAME113,4,100,,CAPTYPE_1,73
414,PART_NAME_107,31,COLOR_NAME_31,MATERIAL_NAME114,30,5,,CAPTYPE_1,74
415,PART_NAME_108,31,COLOR_NAME_31,MATERIAL_NAME115,30,5,,CAPTYPE_1,74
416,PART_NAME_5,3,COLOR_NAME_3,MATERIAL_NAME12,6,14,,CAPTYPE_1,75
416,PART_NAME_5,3,COLOR_NAME_3,MATERIAL_NAME12,6,14,,CAPTYPE_1,75
417,PART_NAME_95,13,COLOR_NAME_13,MATERIAL_NAME116,24,2,,CAPTYPE_1,76
418,PART_NAME_32,37,COLOR_NAME_37,MATERIAL_NAME39,4,15,,CAPTYPE_1,77
418,PART_NAME_32,37,COLOR_NAME_37,MATERIAL_NAME39,4,15,,CAPTYPE_1,77
